,PIRO_2015 value,PIRO_2015 error
Re (R_sun),23.25210465186911,1.1016861358685435
Me (M_sun),1.1007928487316512,0.21052467671537448
Off (days),0.00010000000001016832,0.478109493719654
