,PIRO_2015 value,PIRO_2015 error
Re (R_sun),18.523976811620972,2.8237841204697944
Me (M_sun),0.06978178835160602,0.01867359934521411
Off (days),0.025568833289136866,0.11617620910369647
