,PIRO_2015 value,PIRO_2015 error
Re (R_sun),136.32728427227326,62.88166438129487
Me (M_sun),0.024314562621326946,0.008820610386519875
Off (days),2.673834852326107e-14,0.4428439324864747
