,PIRO_2015 value,PIRO_2015 error
Re (R_sun),16.73291793237303,0.6338147300386924
Me (M_sun),0.35835604696627715,0.030380298127028412
Off (days),1.638716822578143e-16,0.10287351225294683
