,PIRO_2015 value,PIRO_2015 error
Re (R_sun),32.00472309107857,1.319420527025984
Me (M_sun),0.04532955483428119,0.002099525425191117
Off (days),2.4234857527767425e-18,0.08622995825241182
