,PIRO_2015 value,PIRO_2015 error
Re (R_sun),62.69376754467905,5.171567397801926
Me (M_sun),0.4235375761939325,0.05992844610871826
Off (days),0.0001000000007368851,0.4926708994814469
