,PIRO_2015 value,PIRO_2015 error
Re (R_sun),47.00895090575272,7.706521945001261
Me (M_sun),0.042381015230354965,0.016586962745188585
Off (days),0.00010000000000003404,0.6717935880204887
