,PIRO_2015 value,PIRO_2015 error
Re (R_sun),32.686008706841726,1.3043309989451513
Me (M_sun),0.24173752191011394,0.019286499310046532
Off (days),0.00010000000764465888,0.22718436391342473
