,PIRO_2015 value,PIRO_2015 error
Re (R_sun),10.617682589052395,2.716601018291624
Me (M_sun),0.04256300123131127,0.010173982762568352
Off (days),0.00010000000000000719,0.2812750096236332
