,PIRO_2015 value,PIRO_2015 error
Re (R_sun),62.08374977318361,8.900954598725564
Me (M_sun),0.017686386610655414,0.002352299834155937
Off (days),6.74172676999588e-19,0.0960173579011929
